{"cameraMode":{"drawMode":0,"name":"Shaded","section":"Shading Mode"},"sceneLighting":true,"audioPlay":false,"sceneViewState":{"m_AlwaysRefresh":false,"showFog":true,"showSkybox":true,"showFlares":true,"showImageEffects":true,"showParticleSystems":true,"showVisualEffectGraphs":true,"m_FxEnabled":true},"in2DMode":false,"pivot":{"x":338.7280578613281,"y":227.3133544921875,"z":242.26255798339845},"rotation":{"x":-0.01499264221638441,"y":0.02999190241098404,"z":0.00044994233758188784,"w":0.9994328618049622},"size":389.9374084472656,"orthographic":false}