{"cameraMode":{"drawMode":0,"name":"Shaded","section":"Shading Mode"},"sceneLighting":true,"audioPlay":false,"sceneViewState":{"m_AlwaysRefresh":false,"showFog":true,"showSkybox":true,"showFlares":true,"showImageEffects":true,"showParticleSystems":true,"showVisualEffectGraphs":true,"m_FxEnabled":true},"in2DMode":false,"pivot":{"x":-1.3399934768676758,"y":8.399925231933594,"z":-18.6281681060791},"rotation":{"x":-0.17785194516181947,"y":-0.008268621750175953,"z":0.0014944905415177346,"w":-0.9840224981307983},"size":0.8660253882408142,"orthographic":false}